{
    "type": "minecraft:block",
    "pools": [
        {
            "bonus_rolls": 0.0,
            "conditions": [
                {
                    "condition": "minecraft:survives_explosion"
                },
                {
                    "condition": "minecraft:any_of",
                    "terms": [
                        {
                            "condition": "minecraft:match_tool",
                            "predicate": {
                                "items": "#minecraft:axes"
                            }
                        },
                        {
                            "condition": "minecraft:match_tool",
                            "predicate": {
                                "items": "#minecraft:swords"
                            }
                        }
                    ]
                }
            ],
            "entries": [
                {
                    "type": "minecraft:item",
                    "name": "minecraft:bamboo"
                }
            ],
        "rolls": 1.0
    }
],
"random_sequence": "minecraft:blocks/bamboo"}